question,essay,grade
What is the role of insulin in the human body?,Insulin regulates blood sugar levels by promoting the uptake of glucose into cells and the storage of excess glucose as glycogen.,Acceptable
How does a vaccine differ from an antibiotic?,Vaccines and antibiotics are interchangeable medical treatments used to cure viral infections after symptoms appear.,Unacceptable
What causes acid rain?,"Acid rain is caused by natural processes in the atmosphere, primarily volcanic eruptions releasing sulfur dioxide.",Unacceptable
How does a computer's CPU work?,"A CPU processes instructions, performs calculations, and coordinates the activities of other computer components.",Acceptable
How does photosynthesis help plants survive?,"Photosynthesis allows plants to create their own food using sunlight, water, and carbon dioxide, producing glucose and oxygen as byproducts.",Acceptable
How does a Scanning Electron Microscope (SEM) produce images?,"SEMs produce images by scanning a focused beam of electrons over a surface, detecting various signals from the interaction to create detailed surface topography.",Acceptable
What is the function of mirror neurons in the brain?,"Mirror neurons allow individuals to directly experience the emotions and sensations of others, forming the basis of empathy.",Unacceptable
How does a touch screen work?,Touch screens detect finger contact through changes in electrical current or disruption of light beams on the screen's surface.,Acceptable
What is the role of phytoplankton in marine ecosystems?,Phytoplankton serve as the primary food source for large marine mammals like whales and dolphins.,Unacceptable
What is the role of neurotransmitters in the nervous system?,"Neurotransmitters are chemical messengers that transmit signals across synapses between neurons, enabling communication within the nervous system.",Acceptable
What role does the Federal Reserve play in managing inflation?,The Federal Reserve controls inflation primarily by adjusting the money supply through the buying and selling of government securities.,Acceptable
What is the significance of the Bill of Rights in the US Constitution?,"The Bill of Rights guarantees specific freedoms and limits government power, ensuring individual liberties for citizens.",Acceptable
What is the function of the corpus callosum in the brain?,"The corpus callosum connects the left and right hemispheres of the brain, allowing for communication and coordination between the two sides.",Acceptable
How do black holes form?,"Black holes form when stars explode, creating a vacuum in space that sucks in everything around it.",Unacceptable
What is the significance of symbolism in literature?,"Symbolism in literature uses concrete objects or actions to represent abstract ideas, allowing authors to convey deeper meanings and themes beyond the literal narrative.",Acceptable
How do mirages form in hot environments?,"Mirages form when light rays are bent due to layers of air at different temperatures, creating an illusion of water or other objects.",Acceptable
How do tectonic plates contribute to the formation of mountains?,"Tectonic plates collide and push against each other, causing the Earth's crust to fold and create mountain ranges over millions of years.",Acceptable
What is the function of platelets in blood?,Platelets are responsible for fighting infections in the bloodstream by engulfing and destroying harmful bacteria.,Unacceptable
How do clouds form in the atmosphere?,"Clouds form when water vapor in the air condenses around tiny particles, creating visible water droplets or ice crystals.",Acceptable
What is the role of telomeres in cellular aging?,"Telomeres protect the ends of chromosomes and shorten with each cell division, potentially influencing the aging process and lifespan of organisms.",Acceptable
What is the greenhouse effect?,"The greenhouse effect is a man-made phenomenon caused by pollution that only affects urban areas, making cities warmer.",Unacceptable
How does a rainbow form?,"Rainbows form when sunlight is refracted, reflected, and dispersed by water droplets in the atmosphere, separating white light into its component colors.",Acceptable
What is the function of the Broca's area in the brain?,"Broca's area is responsible for processing and understanding all forms of sensory input, including vision and hearing.",Unacceptable
What is the significance of the Bill of Rights in the U.S. Constitution?,The Bill of Rights guarantees specific individual freedoms and limits the power of the government.,Acceptable
What causes ocean tides?,"Ocean tides are primarily caused by the gravitational pull of the moon, with the sun playing a secondary role.",Acceptable
How do tides occur?,"Tides are caused by the gravitational pull of the moon and, to a lesser extent, the sun on Earth's oceans.",Acceptable
How do plants respond to gravity?,"Plants respond to gravity by growing their stems towards light sources, regardless of the direction of gravity.",Unacceptable
How does a refrigerator cool its contents?,"Refrigerators cool by continuously adding cold air from an external source, similar to how an air conditioner works.",Unacceptable
What is the principle of eminent domain in property law?,"Eminent domain allows governments to seize private property for any reason, as long as they provide monetary compensation to the owner.",Unacceptable
What role does the endoplasmic reticulum play in protein synthesis?,The endoplasmic reticulum creates proteins by combining amino acids based on instructions received directly from the cell nucleus.,Unacceptable
How does a lock and key mechanism work in enzymes?,"Enzymes have a specific shape that allows only certain molecules to fit into their active site, like a lock and key, catalyzing specific reactions.",Acceptable
How does a catalytic converter reduce vehicle emissions?,Catalytic converters use precious metals to convert harmful emissions into less harmful substances through chemical reactions.,Acceptable
How do plants adapt to different light conditions?,"Plants adapt to different light conditions by growing towards the strongest light source, regardless of other environmental factors or their specific light requirements.",Unacceptable
How does photosynthesis differ from cellular respiration?,"Photosynthesis releases energy for plant growth, while cellular respiration stores energy in glucose molecules.",Unacceptable
What is the difference between weather and climate?,"Weather refers to day-to-day atmospheric conditions, while climate describes long-term average weather patterns in a specific area.",Acceptable
What is the function of the Broca's area in the brain?,Broca's area is responsible for processing visual information and color perception in the occipital lobe.,Unacceptable
What is the principle of conservation of angular momentum?,The conservation of angular momentum states that objects in motion will continue spinning at the same rate unless acted upon by an external torque.,Unacceptable
What is the role of the United Nations in global affairs?,"The United Nations works to maintain international peace and security, develop friendly relations among nations, and promote social progress.",Acceptable
What is the function of the cerebellum in the brain?,"The cerebellum is primarily responsible for processing and storing long-term memories, playing a crucial role in learning and cognition.",Unacceptable
What is the principle of checks and balances in government?,"Checks and balances ensure that the legislative branch has ultimate authority over the executive and judicial branches, preventing abuse of power.",Unacceptable
How do venus flytraps know when to close?,"Venus flytraps close when trigger hairs are stimulated twice within about 20 seconds, indicating the presence of potential prey.",Acceptable
How does photosynthesis convert light energy into chemical energy?,"Photosynthesis uses chlorophyll to capture light energy, driving the production of glucose from carbon dioxide and water, releasing oxygen as a byproduct.",Acceptable
What is the principle behind quantum entanglement?,"Quantum entanglement allows particles to share information instantaneously, regardless of the distance between them.",Acceptable
What caused the Great Depression of the 1930s?,"The Great Depression was solely caused by the stock market crash of 1929, which immediately led to widespread unemployment and economic downturn.",Unacceptable
What is the function of mitochondria in cells?,"Mitochondria are responsible for cell division and reproduction, determining how frequently a cell can replicate itself.",Unacceptable
What is the significance of the Pythagorean identity in trigonometry?,"The Pythagorean identity relates the sine and cosine functions, allowing for the calculation of unknown trigonometric values and simplification of complex equations.",Acceptable
What is the function of the appendix in the human body?,The appendix is a vestigial organ that plays a crucial role in digesting cellulose from plant matter in our diet.,Unacceptable
How do stalactites and stalagmites form in caves?,Stalactites and stalagmites form through the slow deposition of minerals from water dripping in caves over long periods.,Acceptable
What factors influence the development of cultural identity?,Cultural identity is solely determined by an individual's country of birth and remains unchanged throughout their lifetime.,Unacceptable
What is the function of chlorophyll in plants?,Chlorophyll in plants absorbs sunlight and converts it directly into glucose without using carbon dioxide or water.,Unacceptable
What is the function of the cerebellum in the brain?,"The cerebellum is primarily responsible for long-term memory formation and storage, coordinating all cognitive functions.",Unacceptable
How do vaccines create immunity against diseases?,"Vaccines create immunity by introducing live viruses into the body, allowing it to naturally fight off the disease.",Unacceptable
What is the function of the lymphatic system?,"The lymphatic system helps maintain fluid balance, absorbs fats from the digestive tract, and plays a crucial role in immune function.",Acceptable
What is the greenhouse effect and how does it impact climate?,"The greenhouse effect is caused exclusively by human activities, trapping heat in the atmosphere and leading to global warming.",Unacceptable
How does a catalytic converter reduce vehicle emissions?,Catalytic converters transform harmful emissions into less harmful gases by breaking down molecules through a series of chemical reactions.,Acceptable
How does the process of meiosis contribute to genetic diversity?,"Meiosis creates genetic variation through crossing over, independent assortment of chromosomes, and random fertilization.",Acceptable
How do thermometers measure temperature?,Thermometers measure temperature by using a special liquid that changes color at different temperatures.,Unacceptable
How do vaccines work to prevent diseases?,Vaccines introduce weakened or inactive pathogens to stimulate the immune system to produce antibodies against specific diseases.,Acceptable
What is the function of the appendix in the human body?,"The appendix helps digest cellulose from plant matter, playing a crucial role in the human digestive system.",Unacceptable
How do noise-cancelling headphones work?,"Noise-cancelling headphones use microphones to detect ambient noise and produce sound waves that are out of phase, cancelling out unwanted sounds.",Acceptable
How do ants navigate long distances?,"Ants primarily navigate using their internal magnetic compass, which allows them to always know their exact global position.",Unacceptable
How does a nuclear power plant generate electricity?,"Nuclear power plants use the heat from nuclear fission to boil water into steam, which drives turbines connected to generators.",Acceptable
How do nerve impulses transmit information in the body?,"Nerve impulses transmit information through electrical signals that travel along neurons, with neurotransmitters bridging the gaps between neurons.",Acceptable
How does a debit card work?,Debit cards allow users to make purchases or withdraw cash directly from their bank account using funds they already have.,Acceptable
What is the function of neurotransmitters in the nervous system?,Neurotransmitters are specialized cells that transmit electrical signals along the length of neurons.,Unacceptable
What is the role of chlorophyll in plants?,Chlorophyll gives plants their green color and is responsible for absorbing nutrients from the soil.,Unacceptable
How does a thermostat control room temperature?,Thermostats monitor room temperature and signal heating or cooling systems to turn on or off to maintain a set temperature.,Acceptable
What is the role of the ozone layer in Earth's atmosphere?,The ozone layer protects Earth from harmful ultraviolet radiation from the sun.,Acceptable
How do migratory birds navigate across continents?,"Migratory birds use a combination of celestial cues, Earth's magnetic field, and landmarks for long-distance navigation.",Acceptable
What is the significance of Shakespeare's use of iambic pentameter?,"Shakespeare's use of iambic pentameter creates a rhythmic pattern in his plays, reflecting the natural cadence of English speech and emphasizing important words and phrases.",Acceptable
What causes muscle growth?,"Muscle growth occurs when muscles are repeatedly stretched, causing them to automatically increase in size without any recovery period.",Unacceptable
How do airplanes fly?,"Airplanes fly by creating lift through the shape of their wings, which causes air to move faster over the top of the wing than underneath.",Acceptable
What is the role of the Federal Reserve in the U.S. economy?,The Federal Reserve's main role is to collect taxes and distribute them to different government departments.,Unacceptable
How does a seismograph measure earthquakes?,Seismographs measure earthquakes by recording the intensity of sound waves produced by the Earth's movement during seismic activity.,Unacceptable
What role did the Enlightenment play in shaping modern political thought?,"The Enlightenment promoted ideas of individual rights and democracy, influencing political revolutions in America and France.",Unacceptable
How does a dishwasher clean dishes?,"Dishwashers use hot water, detergent, and high-pressure spray arms to clean dishes, followed by a rinse cycle and sometimes a heated drying cycle.",Acceptable
What is the function of the ozone layer in Earth's atmosphere?,"The ozone layer warms the Earth by trapping heat, similar to how greenhouse gases function in the lower atmosphere.",Unacceptable
How does inflation affect the economy?,Inflation always benefits the economy by encouraging people to spend money quickly before prices rise.,Unacceptable
How does a vaccine produce immunity?,"Vaccines produce immunity by introducing live, fully active pathogens into the body, allowing it to fight off the disease naturally.",Unacceptable
How does a submarine control its depth in water?,"Submarines control their depth by adjusting ballast tanks, filling them with water to sink and with air to rise.",Acceptable
What is the significance of the Magna Carta in the history of government?,"The Magna Carta established the principle that everyone, including the king, is subject to the law, limiting monarchical power and influencing future democratic systems.",Acceptable
How do political parties influence the legislative process in democratic systems?,"Political parties can shape legislation through coalition building, agenda-setting, and mobilizing voter support for specific policies.",Acceptable
How does a car engine convert gasoline into motion?,"Car engines burn gasoline to create explosions, which directly spin the wheels to move the car forward.",Unacceptable
What causes rainbows to appear in the sky?,"Rainbows appear when sunlight is reflected and refracted by water droplets in the air, separating white light into its component colors.",Acceptable
How do plants absorb water from the soil?,"Plants absorb water from the soil through their roots, using tiny root hairs to increase the surface area for absorption.",Acceptable
How do holograms create 3D images?,Holograms create 3D images by recording the light field reflected from an object and reproducing it using laser light.,Acceptable
What is the significance of the Magna Carta in the development of constitutional law?,The Magna Carta established a system of checks and balances between the three branches of government in medieval England.,Unacceptable
How do vaccines work to prevent diseases?,"Vaccines introduce a weakened form of a pathogen to stimulate the immune system, creating memory cells that can quickly respond to future infections.",Acceptable
How does the endocrine system regulate body functions?,"The endocrine system releases hormones into the bloodstream, which travel to specific target organs and tissues to regulate various physiological processes.",Acceptable
How does the rock cycle contribute to the Earth's geological processes?,"The rock cycle describes the transformation of rocks between igneous, sedimentary, and metamorphic forms through various geological processes.",Acceptable
How do vaccines create immunity?,"Vaccines create immunity by directly injecting antibodies into the bloodstream, which immediately fight off specific diseases.",Unacceptable
What is the role of the World Health Organization (WHO)?,"The WHO's primary role is to develop and distribute vaccines globally, with no involvement in other health-related issues.",Unacceptable
How does a jet engine generate thrust?,"Jet engines generate thrust by burning fuel to create hot expanding gases, which are expelled backwards, propelling the aircraft forward.",Acceptable
What is the main function of the United Nations Security Council?,The UN Security Council's main function is to organize humanitarian aid missions to countries in need.,Unacceptable
What is the role of the Federal Reserve in the US economy?,"The Federal Reserve, or Fed, is the central bank of the United States, responsible for managing the nation's money supply and setting monetary policy.",Acceptable
What is the principle of conservation of energy?,"The conservation of energy principle states that energy can be converted from one form to another, but can be created or destroyed in certain conditions.",Unacceptable
Explain the concept of opportunity cost in economics.,"Opportunity cost refers to the potential benefits lost when choosing one alternative over another, considering both explicit and implicit costs.",Acceptable
What is the role of the ozone layer in Earth's atmosphere?,"The ozone layer helps regulate Earth's temperature by trapping heat, similar to how greenhouse gases function.",Unacceptable
How does the principle of supply and demand affect market prices?,"Supply and demand interactions influence prices, with scarcity typically increasing prices and abundance decreasing them.",Acceptable
How does a wind turbine generate electricity?,Wind turbines convert wind energy into electrical energy by using the wind to spin blades connected to a generator.,Acceptable
How do noise-cancelling headphones work?,Noise-cancelling headphones use microphones to detect ambient noise and produce sound waves that cancel out unwanted sounds.,Acceptable
How do antibiotics fight bacterial infections?,"Antibiotics work by strengthening the body's immune system, helping it to produce more white blood cells to fight off bacteria.",Unacceptable
How does gene expression contribute to cellular differentiation?,Gene expression allows different cells to use the same genetic information to produce specialized proteins for specific functions.,Acceptable
What is the role of the Basel Convention?,The Basel Convention regulates international fishing quotas to prevent overfishing in the world's oceans.,Unacceptable
How does the Doppler effect work with sound waves?,The Doppler effect causes the pitch of a sound to change as its source moves closer to or farther from the listener.,Acceptable
"What causes the ""immortality"" of jellyfish Turritopsis dohrnii?","Turritopsis dohrnii can revert to its juvenile stage after reaching maturity, effectively resetting its life cycle indefinitely.",Acceptable
How do tectonic plates cause earthquakes?,"Tectonic plates cause earthquakes when they suddenly slide past each other, but this only happens at the edges of continents.",Unacceptable
How does a hydraulic system work?,"Hydraulic systems use the compression of liquids to multiply force, allowing for the easy lifting of heavy objects.",Acceptable
What is the function of the cerebellum in the brain?,"The cerebellum is responsible for coordinating voluntary movements, maintaining balance, and fine-tuning motor skills.",Acceptable
What causes ocean tides?,"Ocean tides are primarily caused by the gravitational pull of the moon, with the sun playing a secondary role in tidal patterns.",Acceptable
What is the function of white blood cells in the immune system?,White blood cells are responsible for transporting oxygen throughout the body and removing carbon dioxide.,Unacceptable
How does the process of photosynthesis work?,Photosynthesis uses sunlight energy to convert carbon dioxide and water into glucose and oxygen.,Acceptable
How does the electoral college function in US presidential elections?,"The electoral college allows citizens to directly elect the president, with each state's popular vote determining the national winner.",Unacceptable
What role does the amygdala play in emotional processing?,"The amygdala primarily regulates logical decision-making processes, helping to suppress emotional responses in stressful situations.",Unacceptable
How does a 3D printer create objects?,"3D printers build objects layer by layer using materials like plastic or metal, following a digital design file.",Acceptable
How do optical fibers transmit data?,"Optical fibers transmit data using pulses of light that bounce off the inner walls of the fiber, carrying information over long distances.",Acceptable
What is the main function of the United Nations?,"The United Nations' main function is to maintain international peace and security, develop friendly relations among nations, and promote social progress and human rights.",Acceptable
What is the function of mitochondrial DNA?,Mitochondrial DNA contains genetic information inherited solely from the father and is responsible for cellular respiration.,Unacceptable
What is the role of enzymes in chemical reactions in the body?,Enzymes slow down chemical reactions in the body to prevent them from occurring too quickly and damaging cells.,Unacceptable
How does DNA replication ensure genetic continuity?,DNA replication creates exact copies of genetic material through a process of unzipping the double helix and synthesizing complementary strands.,Acceptable
How does the process of meiosis contribute to genetic diversity?,Meiosis creates genetic diversity through crossing over and independent assortment of chromosomes during gamete formation.,Acceptable
How does a refrigerator cool its contents?,Refrigerators cool by removing heat from the inside and transferring it to the outside through a cycle of compressing and expanding a refrigerant.,Acceptable
What is the principle of supply and demand in economics?,The principle of supply and demand describes how the price and quantity of a good or service in a market are related and affect each other.,Acceptable
How do plants respond to gravity?,Plants respond to gravity by growing their roots towards light and their stems away from it.,Unacceptable
What role did the Silk Road play in ancient civilizations?,"The Silk Road facilitated trade between East and West, promoting cultural exchange, technological advancements, and the spread of religions across Eurasia.",Acceptable
How does a smoke detector work?,"Smoke detectors use a small amount of radioactive material to ionize air molecules, triggering an alarm when the flow of ions is disrupted by smoke particles.",Acceptable
How do thermometers measure temperature?,Many thermometers measure temperature using the expansion and contraction of liquids (like mercury or alcohol) in response to heat changes.,Acceptable
What is the principle of plate tectonics?,"Plate tectonics theory describes how the Earth's crust is divided into rigid plates that move and interact, shaping the planet's surface.",Acceptable
How do plate boundaries influence the formation of mountain ranges?,"Plate boundaries cause mountain formation through the collision of tectonic plates, with compression leading to uplift over millions of years.",Acceptable
How does a fire extinguisher put out fires?,"Fire extinguishers work by cooling the fire below its ignition temperature, regardless of the type of fire or extinguishing agent used.",Unacceptable
How do fireflies produce light?,"Fireflies produce light through a chemical reaction called bioluminescence, which occurs in special organs in their abdomen.",Acceptable
What is the role of antibodies in the immune system?,"Antibodies directly attack and destroy all foreign substances in the body, including beneficial bacteria.",Unacceptable
What is the role of insulin in the human body?,Insulin regulates blood sugar levels by promoting the uptake of glucose into cells and the storage of excess glucose as glycogen.,Acceptable
How do volcanoes form?,"Volcanoes form exclusively at the boundaries of tectonic plates when two plates collide, forcing one plate beneath the other.",Unacceptable
What is the role of the United Nations Security Council?,"The UN Security Council is responsible for maintaining international peace and security, with the power to impose sanctions and authorize military action.",Acceptable
How does a transistor function in electronic circuits?,"Transistors amplify or switch electronic signals, acting as a fundamental building block in modern electronic devices.",Acceptable
How does a microwave oven heat food?,"Microwave ovens use electromagnetic waves to excite water molecules in food, causing them to vibrate and generate heat.",Acceptable
How does a semiconductor work in electronic devices?,"Semiconductors conduct electricity only when exposed to light, making them useful for solar panels but not for other electronic components.",Unacceptable
What is the main function of mitochondria in cells?,"Mitochondria are responsible for producing energy through cellular respiration, converting glucose into ATP.",Acceptable
What causes ocean currents?,"Ocean currents are primarily caused by the moon's gravitational pull, which moves water around the Earth's oceans.",Unacceptable
How do vaccines work to prevent diseases?,Vaccines work by introducing a weakened or inactivated form of a pathogen to stimulate the immune system to produce antibodies.,Acceptable
How does a fuel cell generate electricity?,"Fuel cells generate electricity through an electrochemical reaction between hydrogen and oxygen, producing water as a byproduct.",Acceptable
What is the principle of comparative advantage in international trade?,Comparative advantage suggests that countries should produce goods they can make at the lowest absolute cost compared to other nations.,Unacceptable
What is the function of the corpus callosum in the brain?,The corpus callosum allows for the exchange of motor control information between the left and right hemispheres of the brain.,Unacceptable
What is the role of mitosis in living organisms?,"Mitosis is the process of cell division that produces genetically identical daughter cells, essential for growth and repair in multicellular organisms.",Acceptable
How does a thermostat regulate temperature?,A thermostat uses a bimetallic strip or electronic sensor to detect temperature changes and trigger heating or cooling systems accordingly.,Acceptable
How do submarines submerge and resurface?,"Submarines submerge by opening vents to let water into ballast tanks, and resurface by pumping the water out with compressed air.",Acceptable
What is the function of the liver in the human body?,"The liver's main function is to filter blood coming from the digestive tract before passing it to the rest of the body, removing toxins and waste products.",Acceptable
How does a turbine engine work?,"Turbine engines generate power by using wind to spin blades, which then directly propel vehicles forward without any fuel.",Unacceptable
How do dolphins use echolocation?,Dolphins emit high-frequency sounds and listen to the echoes to locate objects and prey in the water.,Acceptable
