question,essay,grade
What is the role of insulin in the human body?,La insulina regula los niveles de azúcar en sangre promoviendo la absorción de glucosa en las células y el almacenamiento del exceso de glucosa como glucógeno.,Acceptable
How does a vaccine differ from an antibiotic?,Las vacunas y los antibióticos son tratamientos médicos intercambiables utilizados para curar infecciones virales después de que aparecen los síntomas.,Unacceptable
What causes acid rain?,"La lluvia ácida es causada por procesos naturales en la atmósfera, principalmente erupciones volcánicas que liberan dióxido de azufre.",Unacceptable
How does a computer's CPU work?,"Una CPU procesa instrucciones, realiza cálculos y coordina las actividades de otros componentes de la computadora.",Acceptable
How does photosynthesis help plants survive?,"La fotosíntesis permite a las plantas crear su propio alimento usando luz solar, agua y dióxido de carbono, produciendo glucosa y oxígeno como subproductos.",Acceptable
How does a Scanning Electron Microscope (SEM) produce images?,"Los MEB producen imágenes escaneando una superficie con un haz enfocado de electrones, detectando varias señales de la interacción para crear una topografía superficial detallada.",Acceptable
What is the function of mirror neurons in the brain?,"Las neuronas espejo permiten a los individuos experimentar directamente las emociones y sensaciones de otros, formando la base de la empatía.",Unacceptable
How does a touch screen work?,Las pantallas táctiles detectan el contacto de los dedos a través de cambios en la corriente eléctrica o la interrupción de haces de luz en la superficie de la pantalla.,Acceptable
What is the role of phytoplankton in marine ecosystems?,El fitoplancton sirve como la principal fuente de alimento para grandes mamíferos marinos como ballenas y delfines.,Unacceptable
What is the role of neurotransmitters in the nervous system?,"Los neurotransmisores son mensajeros químicos que transmiten señales a través de las sinapsis entre neuronas, permitiendo la comunicación dentro del sistema nervioso.",Acceptable
What role does the Federal Reserve play in managing inflation?,La Reserva Federal controla la inflación principalmente ajustando la oferta monetaria mediante la compra y venta de valores gubernamentales.,Acceptable
What is the significance of the Bill of Rights in the US Constitution?,"La Carta de Derechos garantiza libertades específicas y limita el poder del gobierno, asegurando las libertades individuales para los ciudadanos.",Acceptable
What is the function of the corpus callosum in the brain?,"El cuerpo calloso conecta los hemisferios izquierdo y derecho del cerebro, permitiendo la comunicación y coordinación entre los dos lados.",Acceptable
How do black holes form?,"Los agujeros negros se forman cuando las estrellas explotan, creando un vacío en el espacio que absorbe todo a su alrededor.",Unacceptable
What is the significance of symbolism in literature?,"El simbolismo en la literatura utiliza objetos o acciones concretas para representar ideas abstractas, permitiendo a los autores transmitir significados y temas más profundos más allá de la narrativa literal.",Acceptable
How do mirages form in hot environments?,"Los espejismos se forman cuando los rayos de luz se doblan debido a capas de aire a diferentes temperaturas, creando una ilusión de agua u otros objetos.",Acceptable
How do tectonic plates contribute to the formation of mountains?,"Las placas tectónicas chocan y se empujan entre sí, causando que la corteza terrestre se pliegue y cree cordilleras a lo largo de millones de años.",Acceptable
What is the function of platelets in blood?,Las plaquetas son responsables de combatir infecciones en el torrente sanguíneo al engullir y destruir bacterias dañinas.,Unacceptable
How do clouds form in the atmosphere?,"Las nubes se forman cuando el vapor de agua en el aire se condensa alrededor de pequeñas partículas, creando gotas de agua visibles o cristales de hielo.",Acceptable
What is the role of telomeres in cellular aging?,"Los telómeros protegen los extremos de los cromosomas y se acortan con cada división celular, potencialmente influyendo en el proceso de envejecimiento y la esperanza de vida de los organismos.",Acceptable
What is the greenhouse effect?,"El efecto invernadero es un fenómeno artificial causado por la contaminación que solo afecta a las áreas urbanas, haciendo que las ciudades sean más cálidas.",Unacceptable
How does a rainbow form?,"Los arcoíris se forman cuando la luz solar es refractada, reflejada y dispersada por gotas de agua en la atmósfera, separando la luz blanca en sus colores componentes.",Acceptable
What is the function of the Broca's area in the brain?,"El área de Broca es responsable de procesar y entender todas las formas de entrada sensorial, incluyendo la visión y la audición.",Unacceptable
What is the significance of the Bill of Rights in the U.S. Constitution?,La Carta de Derechos garantiza libertades individuales específicas y limita el poder del gobierno.,Acceptable
What causes ocean tides?,"Las mareas oceánicas son causadas principalmente por la atracción gravitatoria de la luna, con el sol jugando un papel secundario.",Acceptable
How do tides occur?,"Las mareas son causadas por la atracción gravitatoria de la luna y, en menor medida, del sol sobre los océanos de la Tierra.",Acceptable
How do plants respond to gravity?,"Las plantas responden a la gravedad haciendo crecer sus tallos hacia las fuentes de luz, independientemente de la dirección de la gravedad.",Unacceptable
How does a refrigerator cool its contents?,"Los refrigeradores enfrían añadiendo continuamente aire frío de una fuente externa, de manera similar a cómo funciona un aire acondicionado.",Unacceptable
What is the principle of eminent domain in property law?,"El dominio eminente permite a los gobiernos confiscar propiedades privadas por cualquier razón, siempre que proporcionen una compensación monetaria al propietario.",Unacceptable
What role does the endoplasmic reticulum play in protein synthesis?,El retículo endoplasmático crea proteínas combinando aminoácidos basándose en instrucciones recibidas directamente del núcleo celular.,Unacceptable
How does a lock and key mechanism work in enzymes?,"Las enzimas tienen una forma específica que permite que solo ciertas moléculas encajen en su sitio activo, como una llave y una cerradura, catalizando reacciones específicas.",Acceptable
How does a catalytic converter reduce vehicle emissions?,Los convertidores catalíticos usan metales preciosos para convertir emisiones dañinas en sustancias menos nocivas a través de reacciones químicas.,Acceptable
How do plants adapt to different light conditions?,"Las plantas se adaptan a diferentes condiciones de luz creciendo hacia la fuente de luz más fuerte, independientemente de otros factores ambientales o sus requisitos específicos de luz.",Unacceptable
How does photosynthesis differ from cellular respiration?,"La fotosíntesis libera energía para el crecimiento de las plantas, mientras que la respiración celular almacena energía en moléculas de glucosa.",Unacceptable
What is the difference between weather and climate?,"El tiempo se refiere a las condiciones atmosféricas día a día, mientras que el clima describe patrones climáticos promedio a largo plazo en un área específica.",Acceptable
What is the function of the Broca's area in the brain?,El área de Broca es responsable de procesar la información visual y la percepción del color en el lóbulo occipital.,Unacceptable
What is the principle of conservation of angular momentum?,La conservación del momento angular establece que los objetos en movimiento continuarán girando a la misma velocidad a menos que sean afectados por un torque externo.,Unacceptable
What is the role of the United Nations in global affairs?,"Las Naciones Unidas trabajan para mantener la paz y la seguridad internacionales, desarrollar relaciones amistosas entre las naciones y promover el progreso social.",Acceptable
What is the function of the cerebellum in the brain?,"El cerebelo es principalmente responsable de procesar y almacenar memorias a largo plazo, jugando un papel crucial en el aprendizaje y la cognición.",Unacceptable
What is the principle of checks and balances in government?,"Los controles y equilibrios aseguran que el poder legislativo tenga la autoridad final sobre los poderes ejecutivo y judicial, previniendo el abuso de poder.",Unacceptable
How do venus flytraps know when to close?,"Las Venus atrapamoscas se cierran cuando los pelos sensores son estimulados dos veces en aproximadamente 20 segundos, indicando la presencia de una presa potencial.",Acceptable
How does photosynthesis convert light energy into chemical energy?,"La fotosíntesis usa clorofila para capturar energía lumínica, impulsando la producción de glucosa a partir de dióxido de carbono y agua, liberando oxígeno como subproducto.",Acceptable
What is the principle behind quantum entanglement?,"El entrelazamiento cuántico permite que las partículas compartan información instantáneamente, sin importar la distancia entre ellas.",Acceptable
What caused the Great Depression of the 1930s?,"La Gran Depresión fue causada únicamente por el crash bursátil de 1929, que llevó inmediatamente a un desempleo generalizado y una recesión económica.",Unacceptable
What is the function of mitochondria in cells?,"Las mitocondrias son responsables de la división y reproducción celular, determinando con qué frecuencia una célula puede replicarse.",Unacceptable
What is the significance of the Pythagorean identity in trigonometry?,"La identidad pitagórica relaciona las funciones seno y coseno, permitiendo el cálculo de valores trigonométricos desconocidos y la simplificación de ecuaciones complejas.",Acceptable
What is the function of the appendix in the human body?,El apéndice es un órgano vestigial que juega un papel crucial en la digestión de celulosa proveniente de materia vegetal en nuestra dieta.,Unacceptable
How do stalactites and stalagmites form in caves?,Las estalactitas y estalagmitas se forman a través de la lenta deposición de minerales del agua que gotea en las cuevas durante largos períodos.,Acceptable
What factors influence the development of cultural identity?,La identidad cultural está determinada únicamente por el país de nacimiento de un individuo y permanece sin cambios a lo largo de su vida.,Unacceptable
What is the function of chlorophyll in plants?,La clorofila en las plantas absorbe la luz solar y la convierte directamente en glucosa sin usar dióxido de carbono o agua.,Unacceptable
What is the function of the cerebellum in the brain?,"El cerebelo es principalmente responsable de la formación y almacenamiento de la memoria a largo plazo, coordinando todas las funciones cognitivas.",Unacceptable
How do vaccines create immunity against diseases?,"Las vacunas crean inmunidad introduciendo virus vivos en el cuerpo, permitiéndole combatir naturalmente la enfermedad.",Unacceptable
What is the function of the lymphatic system?,"El sistema linfático ayuda a mantener el equilibrio de fluidos, absorbe grasas del tracto digestivo y juega un papel crucial en la función inmune.",Acceptable
What is the greenhouse effect and how does it impact climate?,"El efecto invernadero es causado exclusivamente por actividades humanas, atrapando el calor en la atmósfera y llevando al calentamiento global.",Unacceptable
How does a catalytic converter reduce vehicle emissions?,Los convertidores catalíticos transforman las emisiones dañinas en gases menos nocivos al descomponer moléculas a través de una serie de reacciones químicas.,Acceptable
How does the process of meiosis contribute to genetic diversity?,"La meiosis crea variación genética a través del entrecruzamiento, la distribución independiente de cromosomas y la fertilización aleatoria.",Acceptable
How do thermometers measure temperature?,Los termómetros miden la temperatura usando un líquido especial que cambia de color a diferentes temperaturas.,Unacceptable
How do vaccines work to prevent diseases?,Las vacunas introducen patógenos debilitados o inactivos para estimular al sistema inmunológico a producir anticuerpos contra enfermedades específicas.,Acceptable
What is the function of the appendix in the human body?,"El apéndice ayuda a digerir la celulosa de la materia vegetal, jugando un papel crucial en el sistema digestivo humano.",Unacceptable
How do noise-cancelling headphones work?,"Los auriculares con cancelación de ruido utilizan micrófonos para detectar el ruido ambiental y producir ondas sonoras desfasadas, cancelando los sonidos no deseados.",Acceptable
How do ants navigate long distances?,"Las hormigas se orientan principalmente usando su brújula magnética interna, que les permite saber siempre su posición global exacta.",Unacceptable
How does a nuclear power plant generate electricity?,"Las centrales nucleares utilizan el calor de la fisión nuclear para hervir agua y convertirla en vapor, que impulsa turbinas conectadas a generadores.",Acceptable
How do nerve impulses transmit information in the body?,"Los impulsos nerviosos transmiten información a través de señales eléctricas que viajan a lo largo de las neuronas, con neurotransmisores que salvan los espacios entre neuronas.",Acceptable
How does a debit card work?,Las tarjetas de débito permiten a los usuarios realizar compras o retirar dinero directamente de su cuenta bancaria utilizando fondos que ya tienen.,Acceptable
What is the function of neurotransmitters in the nervous system?,Los neurotransmisores son células especializadas que transmiten señales eléctricas a lo largo de las neuronas.,Unacceptable
What is the role of chlorophyll in plants?,La clorofila da a las plantas su color verde y es responsable de absorber nutrientes del suelo.,Unacceptable
How does a thermostat control room temperature?,Los termostatos monitorean la temperatura de la habitación y envían señales a los sistemas de calefacción o refrigeración para que se enciendan o apaguen para mantener una temperatura establecida.,Acceptable
What is the role of the ozone layer in Earth's atmosphere?,La capa de ozono protege a la Tierra de la radiación ultravioleta dañina del sol.,Acceptable
How do migratory birds navigate across continents?,"Las aves migratorias utilizan una combinación de señales celestes, el campo magnético de la Tierra y puntos de referencia para la navegación de larga distancia.",Acceptable
What is the significance of Shakespeare's use of iambic pentameter?,"El uso del pentámetro yámbico por Shakespeare crea un patrón rítmico en sus obras, reflejando la cadencia natural del habla inglesa y enfatizando palabras y frases importantes.",Acceptable
What causes muscle growth?,"El crecimiento muscular ocurre cuando los músculos se estiran repetidamente, causando que aumenten automáticamente de tamaño sin ningún período de recuperación.",Unacceptable
How do airplanes fly?,"Los aviones vuelan creando sustentación a través de la forma de sus alas, lo que hace que el aire se mueva más rápido sobre la parte superior del ala que por debajo.",Acceptable
What is the role of the Federal Reserve in the U.S. economy?,El papel principal de la Reserva Federal es recaudar impuestos y distribuirlos a diferentes departamentos gubernamentales.,Unacceptable
How does a seismograph measure earthquakes?,Los sismógrafos miden los terremotos registrando la intensidad de las ondas sonoras producidas por el movimiento de la Tierra durante la actividad sísmica.,Unacceptable
What role did the Enlightenment play in shaping modern political thought?,"La Ilustración promovió ideas de derechos individuales y democracia, influyendo en las revoluciones políticas en América y Francia.",Unacceptable
How does a dishwasher clean dishes?,"Los lavavajillas usan agua caliente, detergente y brazos rociadores de alta presión para limpiar los platos, seguido de un ciclo de enjuague y a veces un ciclo de secado con calor.",Acceptable
What is the function of the ozone layer in Earth's atmosphere?,"La capa de ozono calienta la Tierra atrapando el calor, de manera similar a cómo funcionan los gases de efecto invernadero en la atmósfera inferior.",Unacceptable
How does inflation affect the economy?,La inflación siempre beneficia a la economía al animar a las personas a gastar dinero rápidamente antes de que suban los precios.,Unacceptable
How does a vaccine produce immunity?,"Las vacunas producen inmunidad introduciendo patógenos vivos y completamente activos en el cuerpo, permitiéndole combatir la enfermedad naturalmente.",Unacceptable
How does a submarine control its depth in water?,"Los submarinos controlan su profundidad ajustando los tanques de lastre, llenándolos con agua para hundirse y con aire para subir.",Acceptable
What is the significance of the Magna Carta in the history of government?,"La Carta Magna estableció el principio de que todos, incluido el rey, están sujetos a la ley, limitando el poder monárquico e influyendo en futuros sistemas democráticos.",Acceptable
How do political parties influence the legislative process in democratic systems?,"Los partidos políticos pueden dar forma a la legislación mediante la construcción de coaliciones, el establecimiento de agendas y la movilización del apoyo de los votantes para políticas específicas.",Acceptable
How does a car engine convert gasoline into motion?,"Los motores de los coches queman gasolina para crear explosiones, que hacen girar directamente las ruedas para mover el coche hacia adelante.",Unacceptable
What causes rainbows to appear in the sky?,"Los arcoíris aparecen cuando la luz solar es reflejada y refractada por las gotas de agua en el aire, separando la luz blanca en sus colores componentes.",Acceptable
How do plants absorb water from the soil?,"Las plantas absorben agua del suelo a través de sus raíces, utilizando pequeños pelos radiculares para aumentar la superficie de absorción.",Acceptable
How do holograms create 3D images?,Los hologramas crean imágenes en 3D registrando el campo de luz reflejado por un objeto y reproduciéndolo mediante luz láser.,Acceptable
What is the significance of the Magna Carta in the development of constitutional law?,La Carta Magna estableció un sistema de controles y equilibrios entre las tres ramas del gobierno en la Inglaterra medieval.,Unacceptable
How do vaccines work to prevent diseases?,"Las vacunas introducen una forma debilitada de un patógeno para estimular el sistema inmunológico, creando células de memoria que pueden responder rápidamente a futuras infecciones.",Acceptable
How does the endocrine system regulate body functions?,"El sistema endocrino libera hormonas en el torrente sanguíneo, que viajan a órganos y tejidos específicos para regular varios procesos fisiológicos.",Acceptable
How does the rock cycle contribute to the Earth's geological processes?,"El ciclo de las rocas describe la transformación de las rocas entre formas ígneas, sedimentarias y metamórficas a través de varios procesos geológicos.",Acceptable
How do vaccines create immunity?,"Las vacunas crean inmunidad inyectando directamente anticuerpos en el torrente sanguíneo, que inmediatamente combaten enfermedades específicas.",Unacceptable
What is the role of the World Health Organization (WHO)?,"El papel principal de la OMS es desarrollar y distribuir vacunas a nivel mundial, sin participación en otros temas relacionados con la salud.",Unacceptable
How does a jet engine generate thrust?,"Los motores a reacción generan empuje quemando combustible para crear gases calientes en expansión, que son expulsados hacia atrás, propulsando la aeronave hacia adelante.",Acceptable
What is the main function of the United Nations Security Council?,La función principal del Consejo de Seguridad de la ONU es organizar misiones de ayuda humanitaria a países necesitados.,Unacceptable
What is the role of the Federal Reserve in the US economy?,"La Reserva Federal, o Fed, es el banco central de los Estados Unidos, responsable de administrar la oferta de dinero del país y establecer la política monetaria.",Acceptable
What is the principle of conservation of energy?,"El principio de conservación de la energía establece que la energía puede convertirse de una forma a otra, pero puede crearse o destruirse en ciertas condiciones.",Unacceptable
Explain the concept of opportunity cost in economics.,"El costo de oportunidad se refiere a los beneficios potenciales perdidos al elegir una alternativa sobre otra, considerando tanto los costos explícitos como los implícitos.",Acceptable
What is the role of the ozone layer in Earth's atmosphere?,"La capa de ozono ayuda a regular la temperatura de la Tierra atrapando el calor, de manera similar a cómo funcionan los gases de efecto invernadero.",Unacceptable
How does the principle of supply and demand affect market prices?,"Las interacciones entre la oferta y la demanda influyen en los precios, con la escasez típicamente aumentando los precios y la abundancia disminuyéndolos.",Acceptable
How does a wind turbine generate electricity?,Los aerogeneradores convierten la energía eólica en energía eléctrica usando el viento para hacer girar aspas conectadas a un generador.,Acceptable
How do noise-cancelling headphones work?,Los auriculares con cancelación de ruido utilizan micrófonos para detectar el ruido ambiental y producir ondas sonoras que cancelan los sonidos no deseados.,Acceptable
How do antibiotics fight bacterial infections?,"Los antibióticos funcionan fortaleciendo el sistema inmunológico del cuerpo, ayudándolo a producir más glóbulos blancos para combatir las bacterias.",Unacceptable
How does gene expression contribute to cellular differentiation?,La expresión génica permite a diferentes células usar la misma información genética para producir proteínas especializadas para funciones específicas.,Acceptable
What is the role of the Basel Convention?,El Convenio de Basilea regula las cuotas internacionales de pesca para prevenir la sobrepesca en los océanos del mundo.,Unacceptable
How does the Doppler effect work with sound waves?,El efecto Doppler causa que el tono de un sonido cambie a medida que su fuente se acerca o se aleja del oyente.,Acceptable
"What causes the ""immortality"" of jellyfish Turritopsis dohrnii?","La Turritopsis dohrnii puede revertir a su etapa juvenil después de alcanzar la madurez, reiniciando efectivamente su ciclo de vida indefinidamente.",Acceptable
How do tectonic plates cause earthquakes?,"Las placas tectónicas causan terremotos cuando se deslizan repentinamente una al lado de la otra, pero esto solo ocurre en los bordes de los continentes.",Unacceptable
How does a hydraulic system work?,"Los sistemas hidráulicos utilizan la compresión de líquidos para multiplicar la fuerza, permitiendo levantar fácilmente objetos pesados.",Acceptable
What is the function of the cerebellum in the brain?,"El cerebelo es responsable de coordinar los movimientos voluntarios, mantener el equilibrio y afinar las habilidades motoras.",Acceptable
What causes ocean tides?,"Las mareas oceánicas son causadas principalmente por la atracción gravitatoria de la luna, con el sol jugando un papel secundario en los patrones de las mareas.",Acceptable
What is the function of white blood cells in the immune system?,Los glóbulos blancos son responsables de transportar oxígeno por todo el cuerpo y eliminar el dióxido de carbono.,Unacceptable
How does the process of photosynthesis work?,La fotosíntesis usa la energía de la luz solar para convertir dióxido de carbono y agua en glucosa y oxígeno.,Acceptable
How does the electoral college function in US presidential elections?,"El colegio electoral permite a los ciudadanos elegir directamente al presidente, con el voto popular de cada estado determinando el ganador nacional.",Unacceptable
What role does the amygdala play in emotional processing?,"La amígdala regula principalmente los procesos de toma de decisiones lógicas, ayudando a suprimir las respuestas emocionales en situaciones de estrés.",Unacceptable
How does a 3D printer create objects?,"Las impresoras 3D construyen objetos capa por capa usando materiales como plástico o metal, siguiendo un archivo de diseño digital.",Acceptable
How do optical fibers transmit data?,"Las fibras ópticas transmiten datos usando pulsos de luz que rebotan en las paredes internas de la fibra, llevando información a largas distancias.",Acceptable
What is the main function of the United Nations?,"La función principal de las Naciones Unidas es mantener la paz y la seguridad internacionales, desarrollar relaciones amistosas entre las naciones y promover el progreso social y los derechos humanos.",Acceptable
What is the function of mitochondrial DNA?,El ADN mitocondrial contiene información genética heredada únicamente del padre y es responsable de la respiración celular.,Unacceptable
What is the role of enzymes in chemical reactions in the body?,Las enzimas ralentizan las reacciones químicas en el cuerpo para evitar que ocurran demasiado rápido y dañen las células.,Unacceptable
How does DNA replication ensure genetic continuity?,La replicación del ADN crea copias exactas del material genético a través de un proceso de desenrollado de la doble hélice y síntesis de hebras complementarias.,Acceptable
How does the process of meiosis contribute to genetic diversity?,La meiosis crea diversidad genética a través del entrecruzamiento y la distribución independiente de cromosomas durante la formación de gametos.,Acceptable
How does a refrigerator cool its contents?,Los refrigeradores enfrían al remover el calor del interior y transferirlo al exterior a través de un ciclo de compresión y expansión de un refrigerante.,Acceptable
What is the principle of supply and demand in economics?,El principio de oferta y demanda describe cómo el precio y la cantidad de un bien o servicio en un mercado están relacionados y se afectan mutuamente.,Acceptable
How do plants respond to gravity?,Las plantas responden a la gravedad haciendo crecer sus raíces hacia la luz y sus tallos alejándose de ella.,Unacceptable
What role did the Silk Road play in ancient civilizations?,"La Ruta de la Seda facilitó el comercio entre Oriente y Occidente, promoviendo el intercambio cultural, los avances tecnológicos y la difusión de religiones a través de Eurasia.",Acceptable
How does a smoke detector work?,"Los detectores de humo utilizan una pequeña cantidad de material radiactivo para ionizar las moléculas de aire, activando una alarma cuando el flujo de iones es interrumpido por partículas de humo.",Acceptable
How do thermometers measure temperature?,Muchos termómetros miden la temperatura utilizando la expansión y contracción de líquidos (como mercurio o alcohol) en respuesta a cambios de calor.,Acceptable
What is the principle of plate tectonics?,"La teoría de la tectónica de placas describe cómo la corteza terrestre está dividida en placas rígidas que se mueven e interactúan, moldeando la superficie del planeta.",Acceptable
How do plate boundaries influence the formation of mountain ranges?,"Los límites de las placas causan la formación de montañas a través de la colisión de placas tectónicas, con la compresión llevando al levantamiento a lo largo de millones de años.",Acceptable
How does a fire extinguisher put out fires?,"Los extintores funcionan enfriando el fuego por debajo de su temperatura de ignición, independientemente del tipo de fuego o agente extintor utilizado.",Unacceptable
How do fireflies produce light?,"Las luciérnagas producen luz a través de una reacción química llamada bioluminiscencia, que ocurre en órganos especiales en su abdomen.",Acceptable
What is the role of antibodies in the immune system?,"Los anticuerpos atacan y destruyen directamente todas las sustancias extrañas en el cuerpo, incluyendo las bacterias beneficiosas.",Unacceptable
What is the role of insulin in the human body?,La insulina regula los niveles de azúcar en sangre promoviendo la absorción de glucosa en las células y el almacenamiento del exceso de glucosa como glucógeno.,Acceptable
How do volcanoes form?,"Los volcanes se forman exclusivamente en los límites de las placas tectónicas cuando dos placas chocan, forzando a una placa debajo de la otra.",Unacceptable
What is the role of the United Nations Security Council?,"El Consejo de Seguridad de la ONU es responsable de mantener la paz y la seguridad internacionales, con el poder de imponer sanciones y autorizar acciones militares.",Acceptable
How does a transistor function in electronic circuits?,"Los transistores amplifican o conmutan señales electrónicas, actuando como un componente fundamental en los dispositivos electrónicos modernos.",Acceptable
How does a microwave oven heat food?,"Los hornos microondas utilizan ondas electromagnéticas para excitar las moléculas de agua en los alimentos, causando que vibren y generen calor.",Acceptable
How does a semiconductor work in electronic devices?,"Los semiconductores conducen electricidad solo cuando están expuestos a la luz, haciéndolos útiles para paneles solares pero no para otros componentes electrónicos.",Unacceptable
What is the main function of mitochondria in cells?,"Las mitocondrias son responsables de producir energía a través de la respiración celular, convirtiendo la glucosa en ATP.",Acceptable
What causes ocean currents?,"Las corrientes oceánicas son causadas principalmente por la atracción gravitatoria de la luna, que mueve el agua alrededor de los océanos de la Tierra.",Unacceptable
How do vaccines work to prevent diseases?,Las vacunas funcionan introduciendo una forma debilitada o inactivada de un patógeno para estimular al sistema inmunológico a producir anticuerpos.,Acceptable
How does a fuel cell generate electricity?,"Las celdas de combustible generan electricidad a través de una reacción electroquímica entre hidrógeno y oxígeno, produciendo agua como subproducto.",Acceptable
What is the principle of comparative advantage in international trade?,La ventaja comparativa sugiere que los países deberían producir los bienes que pueden fabricar al menor costo absoluto en comparación con otras naciones.,Unacceptable
What is the function of the corpus callosum in the brain?,El cuerpo calloso permite el intercambio de información de control motor entre los hemisferios izquierdo y derecho del cerebro.,Unacceptable
What is the role of mitosis in living organisms?,"La mitosis es el proceso de división celular que produce células hijas genéticamente idénticas, esencial para el crecimiento y la reparación en organismos multicelulares.",Acceptable
How does a thermostat regulate temperature?,Un termostato utiliza una tira bimetálica o un sensor electrónico para detectar cambios de temperatura y activar sistemas de calefacción o refrigeración en consecuencia.,Acceptable
How do submarines submerge and resurface?,"Los submarinos se sumergen al abrir compuertas para dejar entrar agua en los tanques de lastre, y resurgen al bombear el agua hacia fuera con aire comprimido.",Acceptable
What is the function of the liver in the human body?,"La función principal del hígado es filtrar la sangre que proviene del tracto digestivo antes de pasarla al resto del cuerpo, eliminando toxinas y productos de desecho.",Acceptable
How does a turbine engine work?,"Los motores de turbina generan energía usando el viento para hacer girar las palas, que luego propulsan directamente los vehículos hacia adelante sin ningún combustible.",Unacceptable
How do dolphins use echolocation?,Los delfines emiten sonidos de alta frecuencia y escuchan los ecos para localizar objetos y presas en el agua.,Acceptable