question,essay,grade
What is the role of insulin in the human body?,Insulin regula blood sugar levels by promoviendo the uptake of glucose into cells y el storage of excess glucose as glycogen.,Acceptable
How does a vaccine differ from an antibiotic?,Vaccines y antibiotics son interchangeable medical treatments usados to curar viral infections después symptoms aparecen.,Unacceptable
What causes acid rain?,"Acid rain es caused by natural procesos en la atmosphere, primarily volcanic eruptions liberando sulfur dioxide.",Unacceptable
How does a computer's CPU work?,"Un CPU procesa instructions, performs calculations, y coordina las activities de other computer components.",Acceptable
How does photosynthesis help plants survive?,"Photosynthesis permite plants to crear their own comida using sunlight, agua, y carbon dioxide, produciendo glucose y oxygen as byproductos.",Acceptable
How does a Scanning Electron Microscope (SEM) produce images?,"SEMs producen images by scanning un focused beam of electrons over una surface, detectando various signals from la interaction to create detailed surface topografía.",Acceptable
What is the function of mirror neurons in the brain?,"Mirror neurons permiten individuals to directly experience las emotions y sensations de others, forming la basis of empathy.",Unacceptable
How does a touch screen work?,Touch screens detectan finger contact through cambios en electrical current o disruption of light beams en la screen's surface.,Acceptable
What is the role of phytoplankton in marine ecosystems?,Phytoplankton sirven as the primary food source para large marine mammals like ballenas y delfines.,Unacceptable
What is the role of neurotransmitters in the nervous system?,"Neurotransmitters son chemical messengers que transmiten signals across synapses entre neurons, enabling comunicación within el nervous system.",Acceptable
What role does the Federal Reserve play in managing inflation?,La Federal Reserve controla inflation primarily by adjusting el money supply through la buying and selling de government securities.,Acceptable
What is the significance of the Bill of Rights in the US Constitution?,"El Bill of Rights guarantees specific freedoms and limita government power, ensuring individual libertades for citizens.",Acceptable
What is the function of the corpus callosum in the brain?,"El corpus callosum conecta the left and right hemispheres del cerebro, permitiendo communication y coordination entre los two sides.",Acceptable
How do black holes form?,"Black holes se forman when stars explode, creando a vacuum in space que sucks in everything around it.",Unacceptable
What is the significance of symbolism in literature?,"Symbolism in literature usa concrete objects or acciones to represent abstract ideas, allowing autores to convey deeper meanings y themes beyond the literal narrativa.",Acceptable
How do mirages form in hot environments?,"Mirages se forman when light rays son bent due to layers de air at different temperatures, creando an illusion de water or other objects.",Acceptable
How do tectonic plates contribute to the formation of mountains?,"Tectonic plates collide y push against each other, causing the Earth's crust to fold y crear mountain ranges over millions de años.",Acceptable
What is the function of platelets in blood?,Platelets son responsible for fighting infecciones en el bloodstream by engulfing y destroying harmful bacteria.,Unacceptable
How do clouds form in the atmosphere?,"Clouds se forman when water vapor en el air condenses alrededor de tiny particles, creating visible water droplets o ice crystals.",Acceptable
What is the role of telomeres in cellular aging?,"Telomeres protegen the ends of chromosomes y se acortan with each cell division, potentially influenciando el aging process y lifespan of organisms.",Acceptable
What is the greenhouse effect?,"El greenhouse effect es un man-made phenomenon causado por pollution que only affects urban areas, haciendo cities más warm.",Unacceptable
How does a rainbow form?,"Rainbows se forman when sunlight es refracted, reflected, y dispersed por water droplets en la atmosphere, separando white light into sus component colores.",Acceptable
What is the function of the Broca's area in the brain?,"Broca's area es responsible for processing y understanding all forms de sensory input, incluyendo vision and hearing.",Unacceptable
What is the significance of the Bill of Rights in the U.S. Constitution?,El Bill of Rights garantiza specific individual freedoms y limits el power of the government.,Acceptable
What causes ocean tides?,"Ocean tides son primarily caused by el gravitational pull de la moon, con el sun jugando a secondary role.",Acceptable
How do tides occur?,"Tides son caused by el gravitational pull of la luna y, to a lesser extent, el sol on Earth's océanos.",Acceptable
How do plants respond to gravity?,"Plants responden to gravity by growing sus stems towards light sources, regardless of la direction of gravity.",Unacceptable
How does a refrigerator cool its contents?,"Refrigerators enfrían by continuously añadiendo cold air from an external source, similar a how an air conditioner works.",Unacceptable
What is the principle of eminent domain in property law?,"Eminent domain permite governments to seize private property por any reason, as long as they proveen monetary compensation al owner.",Unacceptable
What role does the endoplasmic reticulum play in protein synthesis?,El endoplasmic reticulum crea proteins by combining amino acids based on instructions recibidas directly from el cell nucleus.,Unacceptable
How does a lock and key mechanism work in enzymes?,"Enzymes tienen una specific shape que allows only certain molecules to fit into su active site, como un lock and key, catalizando specific reactions.",Acceptable
How does a catalytic converter reduce vehicle emissions?,Catalytic converters usan precious metals para convert harmful emissions into less harmful substances through reacciones químicas.,Acceptable
How do plants adapt to different light conditions?,"Plants se adaptan to different light conditions by growing hacia el strongest light source, regardless of otros environmental factors o sus specific light requirements.",Unacceptable
How does photosynthesis differ from cellular respiration?,"Photosynthesis releases energía for plant growth, while cellular respiración stores energy in glucose moléculas.",Unacceptable
What is the difference between weather and climate?,"Weather se refiere a day-to-day atmospheric conditions, mientras que climate describe long-term average weather patterns en un specific area.",Acceptable
What is the function of the Broca's area in the brain?,Broca's area es responsible for processing visual information y color perception en el occipital lobe.,Unacceptable
What is the principle of conservation of angular momentum?,The conservation of angular momentum states que objects in motion continuarán spinning at the same rate unless acted upon por un external torque.,Unacceptable
What is the role of the United Nations in global affairs?,"Las United Nations trabajan to maintain international peace y security, develop friendly relations entre nations, y promote social progress.",Acceptable
What is the function of the cerebellum in the brain?,"El cerebellum es primarily responsible for processing y storing long-term memories, jugando un crucial role en learning and cognition.",Unacceptable
What is the principle of checks and balances in government?,"Checks and balances aseguran que el legislative branch tiene ultimate authority sobre the executive y judicial branches, previniendo abuse of power.",Unacceptable
How do venus flytraps know when to close?,"Venus flytraps cierran when trigger hairs son stimulated twice within about 20 seconds, indicando la presence of potential prey.",Acceptable
How does photosynthesis convert light energy into chemical energy?,"Photosynthesis usa chlorophyll to capture light energy, impulsando la production of glucose from carbon dioxide y agua, releasing oxygen como a byproduct.",Acceptable
What is the principle behind quantum entanglement?,"Quantum entanglement permite particles to share information instantaneously, regardless of la distance entre them.",Acceptable
What caused the Great Depression of the 1930s?,"The Great Depression fue solely causada by the stock market crash of 1929, which inmediatamente led to widespread desempleo y economic downturn.",Unacceptable
What is the function of mitochondria in cells?,"Mitochondria son responsible for cell division y reproduction, determinando how frequently una cell puede replicarse itself.",Unacceptable
What is the significance of the Pythagorean identity in trigonometry?,"The Pythagorean identity relaciona the sine y cosine functions, allowing for el cálculo of unknown trigonometric valores y simplification of complex ecuaciones.",Acceptable
What is the function of the appendix in the human body?,El appendix es un vestigial organ that plays un crucial role in digesting celulosa from plant matter en nuestra diet.,Unacceptable
How do stalactites and stalagmites form in caves?,Stalactites y stalagmites se forman through la slow deposition de minerals from agua dripping en caves over long periods.,Acceptable
What factors influence the development of cultural identity?,Cultural identity es solely determined by un individual's country of birth y remains unchanged throughout su lifetime.,Unacceptable
What is the function of chlorophyll in plants?,Chlorophyll en plants absorbe sunlight y lo convierte directly into glucose sin using carbon dioxide o water.,Unacceptable
What is the function of the cerebellum in the brain?,"The cerebellum es primarily responsible for long-term memory formación y storage, coordinando all cognitive funciones.",Unacceptable
How do vaccines create immunity against diseases?,"Vaccines crean immunity by introduciendo live viruses into el body, permitiéndole naturally fight off la disease.",Unacceptable
What is the function of the lymphatic system?,"The lymphatic system ayuda maintain fluid balance, absorbe fats from el digestive tract, y plays a crucial role en immune function.",Acceptable
What is the greenhouse effect and how does it impact climate?,"El greenhouse effect es caused exclusively by human activities, atrapando heat in the atmosphere y leading to global warming.",Unacceptable
How does a catalytic converter reduce vehicle emissions?,Catalytic converters transforman harmful emissions into less harmful gases by breaking down molecules through una serie de chemical reactions.,Acceptable
How does the process of meiosis contribute to genetic diversity?,"Meiosis crea genetic variation through crossing over, independent assortment de chromosomes, y random fertilization.",Acceptable
How do thermometers measure temperature?,Thermometers miden temperature by using un special liquid que changes color at different temperaturas.,Unacceptable
How do vaccines work to prevent diseases?,Vaccines introducen weakened or inactive pathogens para stimular el immune system to produce antibodies contra specific diseases.,Acceptable
What is the function of the appendix in the human body?,"El appendix ayuda a digest cellulose from plant matter, jugando un crucial role en el human digestive system.",Unacceptable
How do noise-cancelling headphones work?,"Noise-cancelling headphones usan microphones to detect ambient noise y produce sound waves que are out of phase, cancelando unwanted sounds.",Acceptable
How do ants navigate long distances?,"Ants primarily navegan using su internal magnetic compass, which les permite always know su exact global position.",Unacceptable
How does a nuclear power plant generate electricity?,"Nuclear power plants usan el heat from nuclear fission para boil water into steam, which drives turbinas connected to generators.",Acceptable
How do nerve impulses transmit information in the body?,"Nerve impulses transmiten information through electrical signals que travel along neurons, con neurotransmitters bridging los gaps entre neurons.",Acceptable
How does a debit card work?,Debit cards permiten users to make purchases o withdraw cash directamente from su bank account usando funds they already tienen.,Acceptable
What is the function of neurotransmitters in the nervous system?,Neurotransmitters are células especializadas that transmit electrical signals a lo largo de neurons.,Unacceptable
What is the role of chlorophyll in plants?,Chlorophyll da a las plants their green color y es responsible for absorbing nutrientes from the soil.,Unacceptable
How does a thermostat control room temperature?,Thermostats monitorean room temperature y signal heating or cooling systems to turn on o off para maintain una set temperature.,Acceptable
What is the role of the ozone layer in Earth's atmosphere?,La ozone layer protege Earth from harmful ultraviolet radiation del sun.,Acceptable
How do migratory birds navigate across continents?,"Migratory birds usan una combination de celestial cues, Earth's magnetic field, y landmarks para long-distance navigation.",Acceptable
What is the significance of Shakespeare's use of iambic pentameter?,"Shakespeare's uso of iambic pentameter crea a rhythmic pattern en sus plays, reflecting el natural cadence of English speech y emphasizing important palabras y phrases.",Acceptable
What causes muscle growth?,"Muscle growth ocurre when muscles son repeatedly stretched, causando them to automatically increase en size sin any recovery period.",Unacceptable
How do airplanes fly?,"Airplanes vuelan by creating lift through la shape de sus wings, which causa air to move faster sobre el top of the wing que underneath.",Acceptable
What is the role of the Federal Reserve in the U.S. economy?,El main role de la Federal Reserve es to collect taxes y distribuirlos to different government departments.,Unacceptable
How does a seismograph measure earthquakes?,Seismographs miden earthquakes by recording la intensity of sound waves producidas by Earth's movement durante seismic activity.,Unacceptable
What role did the Enlightenment play in shaping modern political thought?,"The Enlightenment promovió ideas of individual derechos y democracy, influencing political revoluciones in America y France.",Unacceptable
How does a dishwasher clean dishes?,"Dishwashers usan hot water, detergente, y high-pressure spray arms para clean dishes, seguido por un rinse cycle y sometimes un heated drying cycle.",Acceptable
What is the function of the ozone layer in Earth's atmosphere?,"La ozone layer calienta la Earth by trapping heat, similar a how greenhouse gases function en la lower atmosphere.",Unacceptable
How does inflation affect the economy?,Inflation siempre benefits la economy by encouraging people to spend dinero quickly antes de que prices rise.,Unacceptable
How does a vaccine produce immunity?,"Vaccines producen immunity by introduciendo live, fully active pathogens into el cuerpo, allowing it to combatir the disease naturally.",Unacceptable
How does a submarine control its depth in water?,"Submarines controlan their depth by adjusting ballast tanks, llenándolos con water to sink y con air to rise.",Acceptable
What is the significance of the Magna Carta in the history of government?,"The Magna Carta estableció el principle that everyone, including el rey, is subject to la ley, limiting monarchical power e influencing future democratic sistemas.",Acceptable
How do political parties influence the legislative process in democratic systems?,"Political parties pueden shape legislation through coalition building, agenda-setting, y mobilizing voter support para specific policies.",Acceptable
How does a car engine convert gasoline into motion?,"Car engines queman gasoline para create explosions, which directly spin las ruedas to move el carro forward.",Unacceptable
What causes rainbows to appear in the sky?,"Rainbows aparecen when sunlight es reflected y refracted por water droplets en el air, separando white light into sus component colors.",Acceptable
How do plants absorb water from the soil?,"Plants absorben water from el soil through sus roots, usando tiny root hairs para increase la surface area for absorption.",Acceptable
How do holograms create 3D images?,Holograms crean 3D images by recording el light field reflected from un object y reproducing it usando laser light.,Acceptable
What is the significance of the Magna Carta in the development of constitutional law?,La Magna Carta estableció a system of checks and balances entre los three branches of government en medieval England.,Unacceptable
How do vaccines work to prevent diseases?,"Vaccines introducen a weakened form of un pathogen to estimular the immune system, creando memory cells que can quickly responder to future infections.",Acceptable
How does the endocrine system regulate body functions?,"El endocrine system libera hormones into el bloodstream, which viajan to specific target organs y tissues to regular varios physiological procesos.",Acceptable
How does the rock cycle contribute to the Earth's geological processes?,"El rock cycle describe la transformation of rocks entre igneous, sedimentary, y metamorphic forms through varios geological processes.",Acceptable
How do vaccines create immunity?,"Vaccines crean immunity by directly inyectando antibodies into el bloodstream, which inmediatamente fight off specific diseases.",Unacceptable
What is the role of the World Health Organization (WHO)?,"El primary role de la WHO es to develop y distribute vaccines globally, sin involvement en other health-related issues.",Unacceptable
How does a jet engine generate thrust?,"Jet engines generan thrust by burning fuel para create hot expanding gases, que son expelled backwards, propelling el aircraft forward.",Acceptable
What is the main function of the United Nations Security Council?,La main function del UN Security Council es to organize humanitarian aid missions a countries in need.,Unacceptable
What is the role of the Federal Reserve in the US economy?,"The Federal Reserve, o Fed, es the central bank de los United States, responsible for managing la nation's money supply y setting monetary policy.",Acceptable
What is the principle of conservation of energy?,"El conservation of energy principle states que energy puede be converted from una form to another, pero can be created o destroyed en certain conditions.",Unacceptable
Explain the concept of opportunity cost in economics.,"Opportunity cost refers to the potential beneficios lost when choosing one alternativa over another, considering both explicit e implicit costs.",Acceptable
What is the role of the ozone layer in Earth's atmosphere?,"La ozone layer ayuda regulate Earth's temperature by trapping heat, similar a how greenhouse gases function.",Unacceptable
How does the principle of supply and demand affect market prices?,"Supply and demand interactions influencian prices, con scarcity typically increasing precios y abundance decreasing them.",Acceptable
How does a wind turbine generate electricity?,Wind turbines convierten wind energy into electrical energy usando el viento to spin blades conectadas a un generator.,Acceptable
How do noise-cancelling headphones work?,Noise-cancelling headphones usan microphones to detect ambient noise y produce sound waves que cancel out unwanted sounds.,Acceptable
How do antibiotics fight bacterial infections?,"Antibiotics trabajan by strengthening el body's immune system, ayudándolo to produce more white blood cells para fight off bacteria.",Unacceptable
How does gene expression contribute to cellular differentiation?,Gene expression permite different cells to use la misma genetic information para produce specialized proteins for specific funciones.,Acceptable
What is the role of the Basel Convention?,La Basel Convention regula international fishing quotas para prevent overfishing en los world's oceans.,Unacceptable
How does the Doppler effect work with sound waves?,El Doppler effect causa que el pitch of a sound cambie as its source moves más cerca o farther from el listener.,Acceptable
"What causes the ""immortality"" of jellyfish Turritopsis dohrnii?","Turritopsis dohrnii puede revert to its juvenile stage después de reaching maturity, effectively resetting su life cycle indefinitely.",Acceptable
How do tectonic plates cause earthquakes?,"Tectonic plates causan earthquakes cuando suddenly se deslizan past each other, pero esto only happens at the edges of continentes.",Unacceptable
How does a hydraulic system work?,"Hydraulic systems usan la compression of liquids para multiply force, permitiendo el easy lifting de heavy objects.",Acceptable
What is the function of the cerebellum in the brain?,"El cerebellum es responsible for coordinating voluntary movements, manteniendo balance, y fine-tuning motor skills.",Acceptable
What causes ocean tides?,"Ocean tides son primarily caused by la gravitational pull de la moon, con el sun playing un secondary role en tidal patterns.",Acceptable
What is the function of white blood cells in the immune system?,White blood cells son responsible for transporting oxygen throughout el body y removing carbon dioxide.,Unacceptable
How does the process of photosynthesis work?,Photosynthesis usa sunlight energy para convert carbon dioxide y water into glucose y oxygen.,Acceptable
How does the electoral college function in US presidential elections?,"The electoral college permite citizens to directly elect el presidente, with each state's popular voto determining the national ganador.",Unacceptable
What role does the amygdala play in emotional processing?,"La amygdala primarily regula logical decision-making processes, ayudando a suppress emotional responses en stressful situations.",Unacceptable
How does a 3D printer create objects?,"3D printers construyen objects layer by layer usando materials como plastic or metal, siguiendo un digital design file.",Acceptable
How do optical fibers transmit data?,"Optical fibers transmiten data using pulsos de light que bounce off las inner walls del fiber, carrying información over long distances.",Acceptable
What is the main function of the United Nations?,"The main function de las United Nations es maintain international peace y security, develop friendly relations entre nations, y promote social progress y human rights.",Acceptable
What is the function of mitochondrial DNA?,Mitochondrial DNA contiene genetic information inherited solely del padre y es responsible for cellular respiration.,Unacceptable
What is the role of enzymes in chemical reactions in the body?,Enzymes slow down chemical reactions en el body para prevent them from occurring too quickly y damaging cells.,Unacceptable
How does DNA replication ensure genetic continuity?,DNA replication crea exact copies of genetic material through un process of unzipping el double helix y synthesizing complementary strands.,Acceptable
How does the process of meiosis contribute to genetic diversity?,Meiosis crea genetic diversity through crossing over y independent assortment de chromosomes durante gamete formation.,Acceptable
How does a refrigerator cool its contents?,Refrigerators enfrían by removing heat del inside y transferring it to el outside through un cycle of compressing y expanding un refrigerant.,Acceptable
What is the principle of supply and demand in economics?,El principle of supply and demand describe how el precio y quantity of a good or service en un market están related y affect each other.,Acceptable
How do plants respond to gravity?,Plants responden to gravity by growing sus roots hacia light y sus stems away from it.,Unacceptable
What role did the Silk Road play in ancient civilizations?,"The Silk Road facilitó trade between East y West, promoting cultural exchange, technological avances, y the spread of religions across Eurasia.",Acceptable
How does a smoke detector work?,"Smoke detectors usan a small amount de radioactive material para ionize air molecules, triggering un alarm cuando el flow of ions es disrupted por smoke particles.",Acceptable
How do thermometers measure temperature?,Many thermometers miden temperature using la expansion y contraction de liquids (like mercury o alcohol) en response to heat changes.,Acceptable
What is the principle of plate tectonics?,"Plate tectonics theory describe how la corteza terrestre is divided into rigid plates que move and interact, formando the planet's surface.",Acceptable
How do plate boundaries influence the formation of mountain ranges?,"Plate boundaries causan mountain formation through la collision de tectonic plates, con compression leading to uplift over millones de years.",Acceptable
How does a fire extinguisher put out fires?,"Fire extinguishers trabajan by cooling el fire below su ignition temperature, regardless of el type of fire o extinguishing agent usado.",Unacceptable
How do fireflies produce light?,"Fireflies producen light through una chemical reaction llamada bioluminescence, que occurs en special organs en su abdomen.",Acceptable
What is the role of antibodies in the immune system?,"Antibodies directamente attack y destroy all foreign substances en el body, including beneficial bacteria.",Unacceptable
What is the role of insulin in the human body?,Insulin regula blood sugar levels by promoting la uptake of glucose into cells y el storage of excess glucose as glycogen.,Acceptable
How do volcanoes form?,"Volcanoes se forman exclusively at the boundaries de tectonic plates when dos plates collide, forzando one plate beneath el otro.",Unacceptable
What is the role of the United Nations Security Council?,"The UN Security Council es responsible for maintaining international peace y security, con el power to impose sanctions y authorize military action.",Acceptable
How does a transistor function in electronic circuits?,"Transistors amplifican o switch electronic señales, actuando as a fundamental building block en modern electronic devices.",Acceptable
How does a microwave oven heat food?,"Microwave ovens usan electromagnetic waves para excite water molecules en food, causing them to vibrar y generate heat.",Acceptable
How does a semiconductor work in electronic devices?,"Semiconductors conducen electricity only when expuestos to light, making them useful para solar panels pero not for otros electronic components.",Unacceptable
What is the main function of mitochondria in cells?,"Mitochondria are responsible for producing energía through cellular respiration, convirtiendo glucose into ATP.",Acceptable
What causes ocean currents?,"Ocean currents son primarily caused by la moon's gravitational pull, which mueve water around los Earth's oceans.",Unacceptable
How do vaccines work to prevent diseases?,Vaccines trabajan by introducing una weakened or inactivated form de un pathogen para stimulate el immune system to produce antibodies.,Acceptable
How does a fuel cell generate electricity?,"Fuel cells generan electricity through una electrochemical reacción between hidrógeno y oxígeno, produciendo water as a byproducto.",Acceptable
What is the principle of comparative advantage in international trade?,Comparative advantage sugiere que countries should produce goods they can make at el lowest absolute cost compared to otras nations.,Unacceptable
What is the function of the corpus callosum in the brain?,El corpus callosum permite the exchange de motor control information entre los left and right hemispheres del brain.,Unacceptable
What is the role of mitosis in living organisms?,"Mitosis es el process of cell división que produces genetically identical daughter cells, essential para growth y repair en multicellular organismos.",Acceptable
How does a thermostat regulate temperature?,A thermostat usa a bimetallic strip or sensor electrónico to detect cambios de temperature and trigger heating or cooling systems accordingly.,Acceptable
How do submarines submerge and resurface?,"Submarines se sumergen by opening vents to let agua into ballast tanks, y resurface by pumping el water out con compressed air.",Acceptable
What is the function of the liver in the human body?,"El liver's main function es to filter sangre coming from el digestive tract antes de passing it to el rest of the body, removiendo toxins y waste products.",Acceptable
How does a turbine engine work?,"Turbine engines generan power by usando wind to spin blades, which then directly propelen vehicles forward sin any fuel.",Unacceptable
How do dolphins use echolocation?,Dolphins emiten high-frequency sounds y listen to los echoes para locate objects y prey en el water.,Acceptable
